{"cameraMode":{"drawMode":0,"name":"Shaded","section":"Shading Mode"},"sceneLighting":true,"audioPlay":false,"sceneViewState":{"showFog":true,"showMaterialUpdate":false,"showSkybox":true,"showFlares":true,"showImageEffects":true,"showParticleSystems":true},"in2DMode":false,"pivot":{"x":5.673669815063477,"y":-9.227468490600586,"z":8.33382797241211},"rotation":{"x":0.050212666392326358,"y":0.6071451306343079,"z":-0.03848955035209656,"w":0.7920728325843811},"size":9.431888580322266,"orthographic":false}